{"cameraMode":{"drawMode":0,"name":"Shaded","section":"Shading Mode"},"sceneLighting":true,"audioPlay":false,"sceneViewState":{"showFog":true,"showMaterialUpdate":true,"showSkybox":true,"showFlares":true,"showImageEffects":true,"showParticleSystems":true},"in2DMode":false,"pivot":{"x":-21.90373992919922,"y":7.380670070648193,"z":-23.209247589111329},"rotation":{"x":0.033954959362745288,"y":-0.6840211749076843,"z":0.03221212327480316,"w":0.7282273173332214},"size":33.69384002685547,"orthographic":false}