{"cameraMode":{"drawMode":0,"name":"Shaded","section":"Shading Mode"},"sceneLighting":true,"audioPlay":false,"sceneViewState":{"showFog":true,"showMaterialUpdate":true,"showSkybox":true,"showFlares":true,"showImageEffects":true,"showParticleSystems":true},"in2DMode":false,"pivot":{"x":4.009486675262451,"y":10.355337142944336,"z":4.7742719650268559},"rotation":{"x":-0.0740639865398407,"y":-0.19736342132091523,"z":0.014898447319865227,"w":-0.9775421619415283},"size":8.189558029174805,"orthographic":false}