{"cameraMode":{"drawMode":0,"name":"Shaded","section":"Shading Mode"},"sceneLighting":false,"audioPlay":false,"sceneViewState":{"showFog":true,"showMaterialUpdate":true,"showSkybox":false,"showFlares":true,"showImageEffects":true,"showParticleSystems":true},"in2DMode":false,"pivot":{"x":401.94146728515627,"y":173.5462646484375,"z":340.2096252441406},"rotation":{"x":0.062072910368442538,"y":0.000927794142626226,"z":-0.000055874195822980255,"w":0.9981350302696228},"size":288.0028991699219,"orthographic":false}