{"cameraMode":{"drawMode":0,"name":"Shaded","section":"Shading Mode"},"sceneLighting":true,"audioPlay":false,"sceneViewState":{"showFog":true,"showMaterialUpdate":true,"showSkybox":true,"showFlares":true,"showImageEffects":true,"showParticleSystems":true},"in2DMode":false,"pivot":{"x":14.09648609161377,"y":1.9338204860687256,"z":-18.69026756286621},"rotation":{"x":0.01844717189669609,"y":0.9729992747306824,"z":-0.21563108265399934,"w":0.08215897530317307},"size":13.364679336547852,"orthographic":false}