{"cameraMode":{"drawMode":0,"name":"Shaded","section":"Shading Mode"},"sceneLighting":true,"audioPlay":false,"sceneViewState":{"showFog":true,"showMaterialUpdate":true,"showSkybox":true,"showFlares":true,"showImageEffects":true,"showParticleSystems":true},"in2DMode":false,"pivot":{"x":30.671478271484376,"y":6.615090370178223,"z":-38.013668060302737},"rotation":{"x":0.006863276474177837,"y":-0.9930538535118103,"z":0.08394374698400498,"w":0.08399683237075806},"size":16.647981643676759,"orthographic":false}