{"cameraMode":{"drawMode":0,"name":"Shaded","section":"Shading Mode"},"sceneLighting":true,"audioPlay":false,"sceneViewState":{"showFog":true,"showMaterialUpdate":true,"showSkybox":true,"showFlares":true,"showImageEffects":true,"showParticleSystems":true},"in2DMode":false,"pivot":{"x":37.693607330322269,"y":7.0,"z":3.626376152038574},"rotation":{"x":-0.0752449631690979,"y":-0.006326827686280012,"z":0.0005382929812185466,"w":-0.9972470998764038},"size":7.538116455078125,"orthographic":false}