{"cameraMode":{"drawMode":0,"name":"Shaded","section":"Shading Mode"},"sceneLighting":true,"audioPlay":false,"sceneViewState":{"showFog":true,"showMaterialUpdate":true,"showSkybox":true,"showFlares":true,"showImageEffects":true,"showParticleSystems":true},"in2DMode":false,"pivot":{"x":102.24363708496094,"y":89.61083984375,"z":288.03875732421877},"rotation":{"x":-0.1395040899515152,"y":0.04778912290930748,"z":-0.00682469317689538,"w":-0.9891761541366577},"size":421.32562255859377,"orthographic":false}