{"cameraMode":{"drawMode":0,"name":"Shaded","section":"Shading Mode"},"sceneLighting":true,"audioPlay":false,"sceneViewState":{"showFog":true,"showMaterialUpdate":true,"showSkybox":true,"showFlares":true,"showImageEffects":true,"showParticleSystems":true},"in2DMode":false,"pivot":{"x":7.20330810546875,"y":3.4877476692199709,"z":-15.59460163116455},"rotation":{"x":0.016673913225531579,"y":-0.9768880605697632,"z":0.19663231074810029,"w":0.08407294750213623},"size":7.233193874359131,"orthographic":false}