{"cameraMode":{"drawMode":0,"name":"Shaded","section":"Shading Mode"},"sceneLighting":true,"audioPlay":false,"sceneViewState":{"showFog":true,"showMaterialUpdate":true,"showSkybox":true,"showFlares":true,"showImageEffects":true,"showParticleSystems":true},"in2DMode":false,"pivot":{"x":239.8119354248047,"y":160.75216674804688,"z":98.8661880493164},"rotation":{"x":-0.0455903597176075,"y":0.019762754440307618,"z":-0.0009674773318693042,"w":-0.9988937377929688},"size":195.11395263671876,"orthographic":false}