{"cameraMode":{"drawMode":0,"name":"Shaded","section":"Shading Mode"},"sceneLighting":true,"audioPlay":false,"sceneViewState":{"showFog":true,"showMaterialUpdate":true,"showSkybox":true,"showFlares":true,"showImageEffects":true,"showParticleSystems":true},"in2DMode":false,"pivot":{"x":9.179192543029786,"y":10.369855880737305,"z":15.601754188537598},"rotation":{"x":-0.2704705595970154,"y":-0.24856482446193696,"z":0.07250261306762696,"w":-0.9272727966308594},"size":16.290447235107423,"orthographic":false}