{"cameraMode":{"drawMode":0,"name":"Shaded","section":"Shading Mode"},"sceneLighting":true,"audioPlay":false,"sceneViewState":{"showFog":true,"showMaterialUpdate":true,"showSkybox":true,"showFlares":true,"showImageEffects":true,"showParticleSystems":true},"in2DMode":false,"pivot":{"x":4.6173176765441898,"y":2.892702102661133,"z":-10.021162033081055},"rotation":{"x":0.1168607547879219,"y":-0.5526366233825684,"z":0.07862166315317154,"w":0.8214833736419678},"size":4.456643581390381,"orthographic":false}