{"cameraMode":{"drawMode":0,"name":"Shaded","section":"Shading Mode"},"sceneLighting":true,"audioPlay":false,"sceneViewState":{"showFog":true,"showMaterialUpdate":true,"showSkybox":true,"showFlares":true,"showImageEffects":true,"showParticleSystems":true},"in2DMode":false,"pivot":{"x":143.85861206054688,"y":79.2862548828125,"z":6.996803283691406},"rotation":{"x":0.06533827632665634,"y":-0.019172465428709985,"z":-0.0013027620734646917,"w":-0.9978012442588806},"size":119.19014739990235,"orthographic":false}