{"cameraMode":{"drawMode":0,"name":"Shaded","section":"Shading Mode"},"sceneLighting":true,"audioPlay":false,"sceneViewState":{"showFog":true,"showMaterialUpdate":true,"showSkybox":true,"showFlares":true,"showImageEffects":true,"showParticleSystems":true},"in2DMode":false,"pivot":{"x":7.7314300537109379,"y":99.25814819335938,"z":-8.326000213623047},"rotation":{"x":0.01550302654504776,"y":-0.21697387099266053,"z":-0.0034905222710222008,"w":-0.976172149181366},"size":76.7518310546875,"orthographic":false}