{"cameraMode":{"drawMode":0,"name":"Shaded","section":"Shading Mode"},"sceneLighting":true,"audioPlay":false,"sceneViewState":{"showFog":true,"showMaterialUpdate":true,"showSkybox":true,"showFlares":true,"showImageEffects":true,"showParticleSystems":true},"in2DMode":false,"pivot":{"x":45.9371337890625,"y":15.523468971252442,"z":3.621918201446533},"rotation":{"x":0.17530007660388947,"y":-0.633622944355011,"z":0.15046197175979615,"w":0.7384228110313416},"size":8.2629976272583,"orthographic":false}