{"cameraMode":{"drawMode":0,"name":"Shaded","section":"Shading Mode"},"sceneLighting":true,"audioPlay":false,"sceneViewState":{"showFog":true,"showMaterialUpdate":true,"showSkybox":true,"showFlares":true,"showImageEffects":true,"showParticleSystems":true},"in2DMode":false,"pivot":{"x":31.801223754882814,"y":7.960936546325684,"z":1.0365080833435059},"rotation":{"x":-0.06580345332622528,"y":0.11706849932670593,"z":-0.00777409877628088,"w":-0.9909115433692932},"size":14.990533828735352,"orthographic":false}