{"cameraMode":{"drawMode":0,"name":"Shaded","section":"Shading Mode"},"sceneLighting":true,"audioPlay":false,"sceneViewState":{"showFog":true,"showMaterialUpdate":true,"showSkybox":true,"showFlares":true,"showImageEffects":true,"showParticleSystems":true},"in2DMode":false,"pivot":{"x":35.6885986328125,"y":7.8739166259765629,"z":-31.096601486206056},"rotation":{"x":0.020889267325401307,"y":0.9231858849525452,"z":-0.050433479249477389,"w":0.3807438910007477},"size":10.24455738067627,"orthographic":false}