{"cameraMode":{"drawMode":0,"name":"Shaded","section":"Shading Mode"},"sceneLighting":true,"audioPlay":false,"sceneViewState":{"showFog":true,"showMaterialUpdate":true,"showSkybox":true,"showFlares":true,"showImageEffects":true,"showParticleSystems":true},"in2DMode":false,"pivot":{"x":-3.4540934562683107,"y":4.483780384063721,"z":-17.773704528808595},"rotation":{"x":0.24402736127376557,"y":-0.6294780969619751,"z":0.21795447170734406,"w":0.7048456072807312},"size":10.189626693725586,"orthographic":false}