{"cameraMode":{"drawMode":0,"name":"Shaded","section":"Shading Mode"},"sceneLighting":true,"audioPlay":false,"sceneViewState":{"showFog":true,"showMaterialUpdate":true,"showSkybox":true,"showFlares":true,"showImageEffects":true,"showParticleSystems":true},"in2DMode":false,"pivot":{"x":38.49774932861328,"y":-0.42848852276802065,"z":30.780078887939454},"rotation":{"x":0.09766916930675507,"y":0.3409256637096405,"z":-0.035549238324165347,"w":0.9344815611839294},"size":22.441326141357423,"orthographic":false}