{"cameraMode":{"drawMode":0,"name":"Shaded","section":"Shading Mode"},"sceneLighting":true,"audioPlay":false,"sceneViewState":{"showFog":true,"showMaterialUpdate":true,"showSkybox":true,"showFlares":true,"showImageEffects":true,"showParticleSystems":true},"in2DMode":false,"pivot":{"x":19.58265495300293,"y":9.093595504760743,"z":-25.196430206298829},"rotation":{"x":-0.13570643961429597,"y":0.09997553378343582,"z":-0.013698878698050976,"w":-0.985675573348999},"size":5.936415672302246,"orthographic":false}