{"cameraMode":{"drawMode":0,"name":"Shaded","section":"Shading Mode"},"sceneLighting":true,"audioPlay":false,"sceneViewState":{"showFog":true,"showMaterialUpdate":true,"showSkybox":true,"showFlares":true,"showImageEffects":true,"showParticleSystems":true},"in2DMode":false,"pivot":{"x":7.7314300537109379,"y":99.25814819335938,"z":-8.326000213623047},"rotation":{"x":-0.02760993503034115,"y":0.0017829167190939189,"z":-0.00009541292820358649,"w":-0.9997390508651733},"size":76.7518310546875,"orthographic":false}