{"cameraMode":{"drawMode":0,"name":"Shaded","section":"Shading Mode"},"sceneLighting":true,"audioPlay":false,"sceneViewState":{"showFog":true,"showMaterialUpdate":true,"showSkybox":true,"showFlares":true,"showImageEffects":true,"showParticleSystems":true},"in2DMode":false,"pivot":{"x":41.613441467285159,"y":-7.119969367980957,"z":3.4511847496032717},"rotation":{"x":0.16297130286693574,"y":0.676020622253418,"z":-0.15668638050556184,"w":0.7015800476074219},"size":23.193561553955079,"orthographic":false}