{"cameraMode":{"drawMode":0,"name":"Shaded","section":"Shading Mode"},"sceneLighting":false,"audioPlay":false,"sceneViewState":{"showFog":true,"showMaterialUpdate":true,"showSkybox":false,"showFlares":true,"showImageEffects":true,"showParticleSystems":true},"in2DMode":false,"pivot":{"x":419.39923095703127,"y":172.07286071777345,"z":339.99285888671877},"rotation":{"x":0.06950584799051285,"y":0.03832949325442314,"z":-0.002670391695573926,"w":0.9969050884246826},"size":324.25604248046877,"orthographic":false}