{"cameraMode":{"drawMode":0,"name":"Shaded","section":"Shading Mode"},"sceneLighting":false,"audioPlay":false,"sceneViewState":{"showFog":true,"showMaterialUpdate":true,"showSkybox":false,"showFlares":true,"showImageEffects":true,"showParticleSystems":true},"in2DMode":false,"pivot":{"x":4.398585319519043,"y":7.0,"z":2.188570737838745},"rotation":{"x":0.09440043568611145,"y":0.30433791875839236,"z":-0.030325140804052354,"w":0.9474363923072815},"size":7.538115978240967,"orthographic":false}