{"cameraMode":{"drawMode":0,"name":"Shaded","section":"Shading Mode"},"sceneLighting":false,"audioPlay":false,"sceneViewState":{"showFog":true,"showMaterialUpdate":true,"showSkybox":false,"showFlares":true,"showImageEffects":true,"showParticleSystems":true},"in2DMode":false,"pivot":{"x":451.15386962890627,"y":240.18397521972657,"z":16.844078063964845},"rotation":{"x":0.22371646761894227,"y":0.0009012249647639692,"z":-0.0002304073714185506,"w":0.9747307896614075},"size":113.83596801757813,"orthographic":false}