{"cameraMode":{"drawMode":0,"name":"Shaded","section":"Shading Mode"},"sceneLighting":true,"audioPlay":false,"sceneViewState":{"showFog":true,"showMaterialUpdate":true,"showSkybox":true,"showFlares":true,"showImageEffects":true,"showParticleSystems":true},"in2DMode":false,"pivot":{"x":24.900142669677736,"y":14.054254531860352,"z":-14.838423728942871},"rotation":{"x":-0.0393412820994854,"y":-0.31011590361595156,"z":-0.012835945934057236,"w":0.9498734474182129},"size":10.769582748413086,"orthographic":false}