{"cameraMode":{"drawMode":0,"name":"Shaded","section":"Shading Mode"},"sceneLighting":false,"audioPlay":false,"sceneViewState":{"showFog":true,"showMaterialUpdate":true,"showSkybox":false,"showFlares":true,"showImageEffects":true,"showParticleSystems":true},"in2DMode":false,"pivot":{"x":11.812521934509278,"y":6.6021575927734379,"z":7.526716232299805},"rotation":{"x":-0.1259891390800476,"y":0.816895604133606,"z":-0.1950475573539734,"w":-0.5282105207443237},"size":1.7261936664581299,"orthographic":false}