{"cameraMode":{"drawMode":0,"name":"Shaded","section":"Shading Mode"},"sceneLighting":true,"audioPlay":false,"sceneViewState":{"showFog":true,"showMaterialUpdate":true,"showSkybox":true,"showFlares":true,"showImageEffects":true,"showParticleSystems":true},"in2DMode":false,"pivot":{"x":54.190765380859378,"y":6.904350280761719,"z":-38.196041107177737},"rotation":{"x":-0.054219044744968417,"y":-0.8294618129730225,"z":0.08124509453773499,"w":-0.5503265857696533},"size":18.429147720336915,"orthographic":false}