{"cameraMode":{"drawMode":0,"name":"Shaded","section":"Shading Mode"},"sceneLighting":true,"audioPlay":false,"sceneViewState":{"showFog":true,"showMaterialUpdate":true,"showSkybox":true,"showFlares":true,"showImageEffects":true,"showParticleSystems":true},"in2DMode":false,"pivot":{"x":382.5763244628906,"y":162.0452117919922,"z":-34.841949462890628},"rotation":{"x":0.06628044694662094,"y":0.09328828006982804,"z":-0.0061703333631157879,"w":0.9935112595558167},"size":394.3639831542969,"orthographic":false}