{"cameraMode":{"drawMode":0,"name":"Shaded","section":"Shading Mode"},"sceneLighting":true,"audioPlay":false,"sceneViewState":{"showFog":true,"showMaterialUpdate":true,"showSkybox":true,"showFlares":true,"showImageEffects":true,"showParticleSystems":true},"in2DMode":false,"pivot":{"x":34.86882781982422,"y":7.437492847442627,"z":11.681923866271973},"rotation":{"x":0.10409285873174668,"y":0.13858851790428163,"z":-0.014661196619272232,"w":0.9847973585128784},"size":17.477279663085939,"orthographic":false}