{"cameraMode":{"drawMode":0,"name":"Shaded","section":"Shading Mode"},"sceneLighting":false,"audioPlay":false,"sceneViewState":{"showFog":true,"showMaterialUpdate":true,"showSkybox":false,"showFlares":true,"showImageEffects":true,"showParticleSystems":true},"in2DMode":false,"pivot":{"x":490.061279296875,"y":194.91458129882813,"z":400.6280822753906},"rotation":{"x":0.044094618409872058,"y":0.011418993584811688,"z":-0.0004948396817781031,"w":0.9990246295928955},"size":470.38409423828127,"orthographic":false}