{"cameraMode":{"drawMode":0,"name":"Shaded","section":"Shading Mode"},"sceneLighting":true,"audioPlay":false,"sceneViewState":{"showFog":true,"showMaterialUpdate":true,"showSkybox":true,"showFlares":true,"showImageEffects":true,"showParticleSystems":true},"in2DMode":false,"pivot":{"x":30.244020462036134,"y":-14.516120910644532,"z":-61.756927490234378},"rotation":{"x":0.039903994649648669,"y":0.9486171007156372,"z":-0.28474050760269167,"w":0.1328790932893753},"size":24.45453643798828,"orthographic":false}