{"cameraMode":{"drawMode":0,"name":"Shaded","section":"Shading Mode"},"sceneLighting":true,"audioPlay":false,"sceneViewState":{"showFog":true,"showMaterialUpdate":true,"showSkybox":true,"showFlares":true,"showImageEffects":true,"showParticleSystems":true},"in2DMode":false,"pivot":{"x":295.9716796875,"y":136.45606994628907,"z":-200.767333984375},"rotation":{"x":0.042596179991960528,"y":0.011420688591897488,"z":-0.000492486113216728,"w":0.9991027116775513},"size":135.1233367919922,"orthographic":false}