{"cameraMode":{"drawMode":0,"name":"Shaded","section":"Shading Mode"},"sceneLighting":true,"audioPlay":false,"sceneViewState":{"showFog":true,"showMaterialUpdate":true,"showSkybox":true,"showFlares":true,"showImageEffects":true,"showParticleSystems":true},"in2DMode":false,"pivot":{"x":300.024169921875,"y":188.04664611816407,"z":95.32305908203125},"rotation":{"x":0.04949763044714928,"y":0.007795738521963358,"z":-0.00011170734069310129,"w":0.9989092350006104},"size":287.87408447265627,"orthographic":false}