{"cameraMode":{"drawMode":0,"name":"Shaded","section":"Shading Mode"},"sceneLighting":false,"audioPlay":false,"sceneViewState":{"showFog":true,"showMaterialUpdate":true,"showSkybox":false,"showFlares":true,"showImageEffects":true,"showParticleSystems":true},"in2DMode":false,"pivot":{"x":461.55828857421877,"y":171.86570739746095,"z":337.32135009765627},"rotation":{"x":0.07185105979442597,"y":0.13812708854675294,"z":-0.010044887661933899,"w":0.9878187775611877},"size":270.2267761230469,"orthographic":false}