{"cameraMode":{"drawMode":0,"name":"Shaded","section":"Shading Mode"},"sceneLighting":true,"audioPlay":false,"sceneViewState":{"showFog":true,"showMaterialUpdate":true,"showSkybox":true,"showFlares":true,"showImageEffects":true,"showParticleSystems":true},"in2DMode":false,"pivot":{"x":31.91625213623047,"y":1.199634313583374,"z":-13.532814025878907},"rotation":{"x":-0.04326672852039337,"y":0.9563528299331665,"z":-0.2176879644393921,"w":-0.190080925822258},"size":14.88277816772461,"orthographic":false}