{"cameraMode":{"drawMode":0,"name":"Shaded","section":"Shading Mode"},"sceneLighting":true,"audioPlay":false,"sceneViewState":{"showFog":true,"showMaterialUpdate":true,"showSkybox":true,"showFlares":true,"showImageEffects":true,"showParticleSystems":true},"in2DMode":false,"pivot":{"x":234.52651977539063,"y":162.02862548828126,"z":-20.849018096923829},"rotation":{"x":0.010775619186460972,"y":0.24849823117256165,"z":-0.0027078527491539718,"w":0.9686710834503174},"size":394.3639831542969,"orthographic":false}