{"cameraMode":{"drawMode":0,"name":"Shaded","section":"Shading Mode"},"sceneLighting":true,"audioPlay":false,"sceneViewState":{"showFog":true,"showMaterialUpdate":true,"showSkybox":true,"showFlares":true,"showImageEffects":true,"showParticleSystems":true},"in2DMode":false,"pivot":{"x":225.82559204101563,"y":126.49981689453125,"z":0.30181884765625},"rotation":{"x":0.03548857569694519,"y":-0.10414741933345795,"z":-0.0037189521826803686,"w":-0.9939263463020325},"size":260.1029968261719,"orthographic":false}