{"cameraMode":{"drawMode":0,"name":"Shaded","section":"Shading Mode"},"sceneLighting":true,"audioPlay":false,"sceneViewState":{"showFog":true,"showMaterialUpdate":true,"showSkybox":true,"showFlares":true,"showImageEffects":true,"showParticleSystems":true},"in2DMode":false,"pivot":{"x":68.2943115234375,"y":248.49136352539063,"z":-56.015987396240237},"rotation":{"x":-0.3117143511772156,"y":0.19675655663013459,"z":-0.06614543497562409,"w":-0.9272263646125794},"size":477.0367431640625,"orthographic":false}