{"cameraMode":{"drawMode":0,"name":"Shaded","section":"Shading Mode"},"sceneLighting":true,"audioPlay":false,"sceneViewState":{"showFog":true,"showMaterialUpdate":true,"showSkybox":true,"showFlares":true,"showImageEffects":true,"showParticleSystems":true},"in2DMode":false,"pivot":{"x":74.66345977783203,"y":1.7151525020599366,"z":-34.31464767456055},"rotation":{"x":-0.1983518898487091,"y":-0.51588374376297,"z":0.12406089901924133,"w":-0.8242535591125488},"size":11.241308212280274,"orthographic":false}