{"cameraMode":{"drawMode":0,"name":"Shaded","section":"Shading Mode"},"sceneLighting":false,"audioPlay":false,"sceneViewState":{"showFog":true,"showMaterialUpdate":true,"showSkybox":false,"showFlares":true,"showImageEffects":true,"showParticleSystems":true},"in2DMode":false,"pivot":{"x":4.398585319519043,"y":7.0,"z":2.188570737838745},"rotation":{"x":0.11997833102941513,"y":-0.02798391878604889,"z":0.003372784238308668,"w":0.9924206137657166},"size":7.538115978240967,"orthographic":false}