{"cameraMode":{"drawMode":0,"name":"Shaded","section":"Shading Mode"},"sceneLighting":true,"audioPlay":false,"sceneViewState":{"showFog":true,"showMaterialUpdate":true,"showSkybox":true,"showFlares":true,"showImageEffects":true,"showParticleSystems":true},"in2DMode":false,"pivot":{"x":27.768878936767579,"y":0.1973283439874649,"z":-6.383409023284912},"rotation":{"x":0.11084716767072678,"y":0.7745504975318909,"z":-0.14138270914554597,"w":0.6066960096359253},"size":21.77041244506836,"orthographic":false}