{"cameraMode":{"drawMode":0,"name":"Shaded","section":"Shading Mode"},"sceneLighting":true,"audioPlay":false,"sceneViewState":{"showFog":true,"showMaterialUpdate":true,"showSkybox":true,"showFlares":true,"showImageEffects":true,"showParticleSystems":true},"in2DMode":false,"pivot":{"x":28.255939483642579,"y":6.9145684242248539,"z":15.193592071533204},"rotation":{"x":-0.1008804440498352,"y":-0.4843897819519043,"z":0.05634906515479088,"w":-0.8671886920928955},"size":15.56199836730957,"orthographic":false}