{"cameraMode":{"drawMode":0,"name":"Shaded","section":"Shading Mode"},"sceneLighting":true,"audioPlay":false,"sceneViewState":{"showFog":true,"showMaterialUpdate":true,"showSkybox":true,"showFlares":true,"showImageEffects":true,"showParticleSystems":true},"in2DMode":false,"pivot":{"x":35.24747848510742,"y":1.3904335498809815,"z":-52.38862609863281},"rotation":{"x":0.014440861530601979,"y":0.9855089783668518,"z":-0.11194859445095062,"w":0.1272059977054596},"size":31.952964782714845,"orthographic":false}