{"cameraMode":{"drawMode":0,"name":"Shaded","section":"Shading Mode"},"sceneLighting":true,"audioPlay":false,"sceneViewState":{"showFog":true,"showMaterialUpdate":true,"showSkybox":true,"showFlares":true,"showImageEffects":true,"showParticleSystems":true},"in2DMode":false,"pivot":{"x":6.0334930419921879,"y":9.349042892456055,"z":-16.195266723632814},"rotation":{"x":-0.15356814861297608,"y":0.7390738129615784,"z":-0.1799338012933731,"w":-0.6307897567749023},"size":4.546396732330322,"orthographic":false}