{"cameraMode":{"drawMode":0,"name":"Shaded","section":"Shading Mode"},"sceneLighting":false,"audioPlay":false,"sceneViewState":{"showFog":true,"showMaterialUpdate":true,"showSkybox":false,"showFlares":true,"showImageEffects":true,"showParticleSystems":true},"in2DMode":false,"pivot":{"x":409.2752380371094,"y":171.926513671875,"z":336.4866943359375},"rotation":{"x":0.08001632243394852,"y":0.01737413927912712,"z":-0.0013883166247978807,"w":0.996704638004303},"size":232.87515258789063,"orthographic":false}