{"cameraMode":{"drawMode":0,"name":"Shaded","section":"Shading Mode"},"sceneLighting":true,"audioPlay":false,"sceneViewState":{"showFog":true,"showMaterialUpdate":true,"showSkybox":true,"showFlares":true,"showImageEffects":true,"showParticleSystems":true},"in2DMode":false,"pivot":{"x":19.323293685913087,"y":10.976228713989258,"z":-34.86202621459961},"rotation":{"x":-0.026178918778896333,"y":0.624845027923584,"z":-0.02107612043619156,"w":-0.7801967859268189},"size":25.066631317138673,"orthographic":false}