{"cameraMode":{"drawMode":0,"name":"Shaded","section":"Shading Mode"},"sceneLighting":true,"audioPlay":false,"sceneViewState":{"showFog":true,"showMaterialUpdate":true,"showSkybox":true,"showFlares":true,"showImageEffects":true,"showParticleSystems":true},"in2DMode":false,"pivot":{"x":416.32574462890627,"y":572.1751708984375,"z":0.0},"rotation":{"x":0.12099239230155945,"y":-0.11495405435562134,"z":0.014117257669568062,"w":0.9859362840652466},"size":98.67353057861328,"orthographic":false}