{"cameraMode":{"drawMode":0,"name":"Shaded","section":"Shading Mode"},"sceneLighting":false,"audioPlay":false,"sceneViewState":{"showFog":true,"showMaterialUpdate":true,"showSkybox":false,"showFlares":true,"showImageEffects":true,"showParticleSystems":true},"in2DMode":false,"pivot":{"x":385.5116271972656,"y":222.01934814453126,"z":2.709409236907959},"rotation":{"x":0.1154949739575386,"y":0.07832172513008118,"z":-0.009134247899055481,"w":0.990237832069397},"size":81.39410400390625,"orthographic":false}