{"cameraMode":{"drawMode":0,"name":"Shaded","section":"Shading Mode"},"sceneLighting":true,"audioPlay":false,"sceneViewState":{"showFog":true,"showMaterialUpdate":true,"showSkybox":true,"showFlares":true,"showImageEffects":true,"showParticleSystems":true},"in2DMode":false,"pivot":{"x":263.466064453125,"y":114.53802490234375,"z":-49.859249114990237},"rotation":{"x":0.0951121374964714,"y":0.2906803786754608,"z":-0.029056213796138765,"w":0.9517145752906799},"size":100.78233337402344,"orthographic":false}