{"cameraMode":{"drawMode":0,"name":"Shaded","section":"Shading Mode"},"sceneLighting":true,"audioPlay":false,"sceneViewState":{"showFog":true,"showMaterialUpdate":true,"showSkybox":true,"showFlares":true,"showImageEffects":true,"showParticleSystems":true},"in2DMode":false,"pivot":{"x":4.398585319519043,"y":5.796149253845215,"z":2.188570737838745},"rotation":{"x":0.11693164706230164,"y":-0.1627959907054901,"z":0.019439397379755975,"w":0.9795548319816589},"size":13.748747825622559,"orthographic":false}