{"cameraMode":{"drawMode":0,"name":"Shaded","section":"Shading Mode"},"sceneLighting":true,"audioPlay":false,"sceneViewState":{"showFog":true,"showMaterialUpdate":true,"showSkybox":true,"showFlares":true,"showImageEffects":true,"showParticleSystems":true},"in2DMode":false,"pivot":{"x":54.618507385253909,"y":9.391205787658692,"z":-41.631195068359378},"rotation":{"x":-0.12111464142799378,"y":-0.7952232956886292,"z":0.16863541305065156,"w":-0.569930911064148},"size":5.1500563621521,"orthographic":false}