{"cameraMode":{"drawMode":0,"name":"Shaded","section":"Shading Mode"},"sceneLighting":true,"audioPlay":false,"sceneViewState":{"showFog":true,"showMaterialUpdate":true,"showSkybox":true,"showFlares":true,"showImageEffects":true,"showParticleSystems":true},"in2DMode":false,"pivot":{"x":34.94945526123047,"y":8.612338066101075,"z":-28.365535736083986},"rotation":{"x":-0.04365281015634537,"y":-0.3640536367893219,"z":0.0168767087161541,"w":-0.9303741455078125},"size":7.583708763122559,"orthographic":false}