{"cameraMode":{"drawMode":0,"name":"Shaded","section":"Shading Mode"},"sceneLighting":true,"audioPlay":false,"sceneViewState":{"showFog":true,"showMaterialUpdate":true,"showSkybox":true,"showFlares":true,"showImageEffects":true,"showParticleSystems":true},"in2DMode":false,"pivot":{"x":11.628641128540039,"y":-0.9062989950180054,"z":14.646550178527832},"rotation":{"x":0.25774139165878298,"y":0.36703604459762576,"z":-0.10653069615364075,"w":0.8875236511230469},"size":11.49678897857666,"orthographic":false}